track_id,track_name,artist_names,artist_ids,primary_artist,album_name,album_id,album_type,release_date,duration_ms,duration_min,popularity,explicit,preview_url,track_number,disc_number,release_year,track_age_days,artist_popularity,artist_followers,artist_genres,artist_genre_count,time_range,rank,range_key
12ELzrXluYapL20Uxqb45o,Этот город,Bravo,00pgSmUVlL9A4coAnjPayQ,Bravo,На перекрёстках весны,2BXEWVVGFQvLmWun5tSpCu,album,1996-01-01,187151,3.1191833333333334,48,False,,1,1,1996,10830.0,45,82613,Unknown,0,Last 4 weeks,1,short_term
6wqFVTlpccUKeEOoYWhm4i,Любовь не горит,Bravo,00pgSmUVlL9A4coAnjPayQ,Bravo,Евгеника,5FRgGtrrAuZq5J7pN0rbpO,album,2001-05-14,216813,3.61355,39,False,,1,1,2001,8870.0,45,82613,Unknown,0,Last 4 weeks,2,short_term
6Ql05PBZ3e4MfUb81Q5d9N,Как жаль,Bravo,00pgSmUVlL9A4coAnjPayQ,Bravo,Московский бит,7vZGygUvqLeZNAPLuwRnse,album,1993-01-01,219205,3.6534166666666668,35,False,,7,1,1993,11925.0,45,82613,Unknown,0,Last 4 weeks,3,short_term
2WzZo5zzYL1sn8vjTUnXWV,Outdoor Miner,Lush,3ysp8GwsheDcBxP9q65lBg,Lush,For Love,1h0ppp7vyFT9hNrY5DMj2L,single,1991-12-31,171226,2.8537666666666666,21,False,,3,1,1991,12292.0,48,285142,"shoegaze, dream pop, britpop, slowcore",4,Last 4 weeks,4,short_term
2gb31QyfSG3j2QBYPjmRMx,When I'm Small,Phantogram,1l9d7B8W0IHy3LqWsxP2SH,Phantogram,Eyelid Movies,04hIZe3V1YuxOuS4Y0ymzL,album,2009,249066,4.1511,50,False,,2,1,2009,,71,940917,Unknown,0,Last 4 weeks,5,short_term
4dk40nfaQav6b4ZsJ9OYUo,Love My Way,The Psychedelic Furs,0O0lrN34wrcuBenkqlEDZe,The Psychedelic Furs,Forever Now,3dJ67tWrv9EaTD5PBkNBVV,album,1982,213973,3.5662166666666666,69,False,,2,1,1982,,59,664318,"new wave, post-punk",2,Last 4 weeks,6,short_term
6segr7iWpQHNeYeoSe2hvg,Однажды Мир Прогнется под Нас,Mashina Vremeni,3OCZhm9zNElyNJNrwG9pC4,Mashina Vremeni,Отрываясь,0MTvC2WGfoIPItESOqCURp,album,1997-01-01,194840,3.247333333333333,50,False,,5,1,1997,10464.0,46,191739,Unknown,0,Last 4 weeks,7,short_term
5eGeIWhWdLFlbCiuROoFwD,Выхода нет,Splean,6rdFMVoMSEN4GGX98u6QTj,Splean,Гранатовый альбом,3AnSYVZN57euEKW6wNo6Wc,album,1998-04-01,227653,3.794216666666667,53,False,,9,1,1998,10009.0,52,526750,Unknown,0,Last 4 weeks,8,short_term
4TwaeQT1YTeBUBRB8NeSCo,Summertime,The Sundays,4nlqDmbzFzbNITaqjJv7D7,The Sundays,Static & Silence,00Z7sMv2YhKb49u10ajvy4,album,1997-09-22,213493,3.5582166666666666,64,False,,1,1,1997,10200.0,66,523908,"dream pop, jangle pop",2,Last 4 weeks,9,short_term
7j3nbSiaWphYU2cFgyQXd9,Everything Is Embarrassing,Sky Ferreira,7pyhre5oEEFMqcgMEvJY7q,Sky Ferreira,"Night Time, My Time",0DucmDrdJM4evPXMbFJXBS,album,2013-01-01,250120,4.168666666666667,63,False,,13,1,2013,4620.0,58,635448,Unknown,0,Last 4 weeks,10,short_term
2U3DNG8ECaHP0KfFLK1axw,Ветер знает...,Bravo,00pgSmUVlL9A4coAnjPayQ,Bravo,На перекрёстках весны,2BXEWVVGFQvLmWun5tSpCu,album,1996-01-01,210684,3.5114,44,False,,10,1,1996,10830.0,45,82613,Unknown,0,Last 4 weeks,11,short_term
06UnwADc18CgmXkFoXUOED,If It's True,Yo La Tengo,5hAhrnb0Ch4ODwWu4tsbpi,Yo La Tengo,Popular Songs,20od2Wb9d393Pnp9cScsML,album,2009-09-08,163093,2.7182166666666667,15,False,,6,1,2009,5831.0,54,555369,"dream pop, slowcore",2,Last 4 weeks,12,short_term
0S9AYGXX4c7Oieyqg0oPuq,Родина,ДДТ,0YCqg8X5gx0MremW64Ud1h,ДДТ,Актриса Весна,48zxuM36lQcoItT6XkOEs2,album,1992-11-01,277666,4.627766666666667,44,False,,4,1,1992,11986.0,48,437470,Unknown,0,Last 4 weeks,13,short_term
0rPytjmQTg2bG64jpZgSdy,The Wedding List - 2018 Remaster,Kate Bush,1aSxMhuvixZ8h9dK9jIDwL,Kate Bush,Never for Ever (2018 Remaster),0KBFDO8qcY0zhybIESEQUt,album,1980-09-07,255373,4.256216666666667,44,False,,6,1,1980,16424.0,73,2453605,"art pop, baroque pop, art rock",3,Last 4 weeks,14,short_term
27xh6b7QVJjzXHFgn5AYW4,Perfect Thing,Soft Blue Shimmer,5ZclZsMoBdRY9MJw6l47Fx,Soft Blue Shimmer,They Will Leave Us With Nothing,551Mba4haaU7JtALNrDkRx,album,2025-02-28,206512,3.441866666666667,16,False,,3,1,2025,179.0,30,16085,"shoegaze, dream pop",2,Last 4 weeks,15,short_term
3eYBRguiDE5BrGhCTRqZrH,Juicy Sandwich,The Veldt,7hcJOolMkn9jRAAhaVSFnu,The Veldt,Afrodisiac,5ByAKbC8SjGW2HF1q4V4ZD,album,1994-02-08,268560,4.476,15,False,,7,1,1994,11522.0,24,11464,"shoegaze, dream pop, slowcore",3,Last 4 weeks,16,short_term
472a4lSuWfcFCGSSyls2NO,"Она Идет по Жизни, Смеясь",Mashina Vremeni,3OCZhm9zNElyNJNrwG9pC4,Mashina Vremeni,Реки и Мосты,18uqWMtIEHpPpK6gFDSrGh,album,1987-01-01,142266,2.3711,38,False,,4,1,1987,14117.0,46,191739,Unknown,0,Last 4 weeks,17,short_term
4Saph7uUNru1EJnGsd646L,Let's Make Love and Listen Death from Above,CSS,2K13AVg3bFpHSxDM1vJ0qA,CSS,Cansei de Ser Sexy,7cZIQQfNkws673ITooWWtB,album,2005-01-01,210066,3.5011,32,False,,3,1,2005,7542.0,42,179767,"electroclash, new rave, alternative dance",3,Last 4 weeks,18,short_term
4sLZsP6wHs0xX4dWCVfVq1,John Cage Bubblegum,Stereolab,3Rj0tDHoX7C5NFq5DKIpHt,Stereolab,Little Pieces Of Stereolab (A Switched On Sampler),1UP2H3LAUb6y1GO19PES8F,album,2024-03-29,198216,3.3036,29,False,,4,1,2024,515.0,55,388448,"art pop, krautrock, post-rock, neo-psychedelic",4,Last 4 weeks,19,short_term
52pWggDlN5mVeX111i06PP,One Thing Left to Try,MGMT,0SwO7SWeDHJijQ3XNS7xEE,MGMT,Little Dark Age,7GjVWG39IOj4viyWplJV4H,album,2018-02-09,260346,4.3391,45,False,,8,1,2018,2755.0,77,3523351,indie,1,Last 4 weeks,20,short_term
5773KSWFzg9kCc8yazjbSt,Deceptacon,Le Tigre,2n6FviARgtjjimZXu18uRM,Le Tigre,Le Tigre,0dSSZGzoukzrFBnG07J45i,album,1999-10-26,184626,3.0771,78,True,,1,1,1999,9436.0,64,522771,"riot grrrl, queercore, electroclash",3,Last 4 weeks,21,short_term
5M3OJokRysqWyo1ewy8Yox,Моё сердце,Splean,6rdFMVoMSEN4GGX98u6QTj,Splean,25 Кадр,4CVaKIZ1zRUEFMgAKFZ4p3,album,2001,249933,4.16555,46,False,,4,1,2001,,52,526750,Unknown,0,Last 4 weeks,22,short_term
5uYE5AH0kMIlG0du7IBH5H,Чай,Aquarium,3nAumcukmBxn8y7Su8RagW,Aquarium,Синий Альбом,4OGbZiENILnrI90LYTQOJW,album,1981-02-01,139173,2.31955,11,False,,7,1,1981,16277.0,40,119786,art rock,1,Last 4 weeks,23,short_term
6lCqz1ReIrbyWn3eelGCUp,Sadistic,Stereolab,3Rj0tDHoX7C5NFq5DKIpHt,Stereolab,Refried Ectoplasm [Switched On Volume 2],2rcCkBgoXGGI1gUu3YrrAS,compilation,1995,156213,2.60355,0,False,,11,1,1995,,55,388448,"art pop, krautrock, post-rock, neo-psychedelic",4,Last 4 weeks,24,short_term
6vitrLyJKoMUUC87JsgIAY,x-ray eyes,LCD Soundsystem,066X20Nz7iquqkkCW6Jxy6,LCD Soundsystem,x-ray eyes,0NXggkTAhL1M8NOz7tfzAt,single,2024-11-01,291506,4.858433333333333,39,False,,1,1,2024,298.0,64,1225494,"alternative dance, new rave",2,Last 4 weeks,25,short_term
78swsqNrU8kOj6DMCGqDZa,Affection - Remastered,"Lisa Stansfield, Ian Devaney, Andy Morris","2jS7I1u7BpgWT9ssG62Zr1, 6Ufm4BHf4ZdolpvcvYgH2S, 0A1FSG9WZ2dQ5JSkQYJHIp",Lisa Stansfield,Affection,2NGdpRuh0JgRLrdAK8AyNR,album,1989,342200,5.703333333333333,22,False,,11,1,1989,,57,774221,Unknown,0,Last 4 weeks,26,short_term
7zVfEu1dEvRw4EkWoqrBkx,Say Yes,Elliott Smith,2ApaG60P4r0yhBoDCGD8YG,Elliott Smith,Either/Or,5hryhrT7wEdLnZCbJX9F6L,album,1997-02-25,140626,2.3437666666666668,57,True,,12,1,1997,10409.0,68,1318332,singer-songwriter,1,Last 4 weeks,27,short_term
5x3KFRDMxYUgUlySZEUSOo,Until You're Forever,The Veldt,7hcJOolMkn9jRAAhaVSFnu,The Veldt,Afrodisiac,5ByAKbC8SjGW2HF1q4V4ZD,album,1994-02-08,320200,5.336666666666667,20,False,,9,1,1994,11522.0,24,11464,"shoegaze, dream pop, slowcore",3,Last 4 weeks,28,short_term
0exjXziLpfBAs3QppeYUzo,Adore the Distance,Soft Blue Shimmer,5ZclZsMoBdRY9MJw6l47Fx,Soft Blue Shimmer,Heaven Inches Away,3kNVOsMavASjW9PBfltFMJ,album,2020-11-27,277191,4.61985,21,False,,9,1,2020,1733.0,30,16085,"shoegaze, dream pop",2,Last 4 weeks,29,short_term
1drLQNS9D5z9lBP4DbtO2R,Saturday Sun,Nick Drake,5c3GLXai8YOMid29ZEuR9y,Nick Drake,Five Leaves Left,7IpcJbVxLLEfW0KXB7ndE2,album,1969-07-03,245013,4.08355,53,False,,10,1,1969,20508.0,64,928646,"folk, singer-songwriter",2,Last 4 weeks,30,short_term
2GGNtsp8uJukxi2d6R3lpN,Dance Yrself Clean,LCD Soundsystem,066X20Nz7iquqkkCW6Jxy6,LCD Soundsystem,This Is Happening,2cmf2niWqoRqmFkGoKhACK,album,2010-05-14,536106,8.9351,34,False,,1,1,2010,5583.0,64,1225494,"alternative dance, new rave",2,Last 4 weeks,31,short_term
2svPwm2iT8xXut4TIinfqu,MyLoveILove 3,Bogdan Raczynski,2bYCvT1nqpbbspU5DZG5nA,Bogdan Raczynski,MyLoveILove,5ifjWl35H9cFxw1NcIzopE,album,2001-01-01,109573,1.8262166666666666,3,False,,3,1,2001,9003.0,35,42306,"idm, breakcore, glitch",3,Last 4 weeks,32,short_term
54Biz1kZa4d9fXZdgdaHqN,Soul In A Jar,The Veldt,7hcJOolMkn9jRAAhaVSFnu,The Veldt,Afrodisiac,5ByAKbC8SjGW2HF1q4V4ZD,album,1994-02-08,288773,4.812883333333334,30,False,,3,1,1994,11522.0,24,11464,"shoegaze, dream pop, slowcore",3,Last 4 weeks,33,short_term
5bxBosfOC3upyOK9tjxZ35,Hong Kong Garden,Siouxsie and the Banshees,1n65zfwYIj5kKEtNgxUlWb,Siouxsie and the Banshees,The Scream,3uMr78kOScjc6eLHMYcVl4,album,1978-11-13,175906,2.931766666666667,54,False,,11,1,1978,17088.0,61,1317873,"gothic rock, post-punk, darkwave, new wave, deathrock",6,Last 4 weeks,34,short_term
5xDD6xL65xH0WugjRaX6E7,ドリップ・ドライ・アイズ - 2021 Yoshinori Sunahara Remastering,Yukihiro Takahashi,5Rv28BOArteQRhL8YUYgD5,Yukihiro Takahashi,ニウロマンティック～ロマン神経症～ (2021 Yoshinori Sunahara Remastering),3y3zDwE8BWfron6iRNSSiM,album,1981-05-24,331040,5.517333333333333,29,False,,6,1,1981,16165.0,36,81110,"city pop, synthpop",2,Last 4 weeks,35,short_term
6INLpBxo9F5QMer04VXEnd,Sexy Boy,Air,1P6U1dCeHxPui5pIrGmndZ,Air,Moon Safari,5dmYtZVJ1bG9RyrZBRrkOA,album,1998-01-16,298466,4.974433333333334,68,False,,2,1,1998,10084.0,68,1133179,"trip hop, downtempo",2,Last 4 weeks,36,short_term
6wuekNiL0KqFbvfdwuequN,One Of These Things First,Nick Drake,5c3GLXai8YOMid29ZEuR9y,Nick Drake,Bryter Layter,0B2E1w5T7PEbZIctZnnt9K,album,1971-03-05,289687,4.828116666666666,58,False,,4,1,1971,19898.0,64,928646,"folk, singer-songwriter",2,Last 4 weeks,37,short_term
2Jkflii57Z9xhxOOuj7Qgg,Femme,Le Couleur,0ChUTSO3tfQSVKMOpWkCJy,Le Couleur,Voyage love,4JKpAae0FsyaLDkSQpp1VF,single,2013-04-30,235904,3.9317333333333333,35,False,,2,1,2013,4501.0,31,22821,"french indie pop, french pop",2,Last 4 weeks,38,short_term
5Q9BVQOEHNMq0QGuUfZTkQ,500 (Shake Baby Shake),Lush,3ysp8GwsheDcBxP9q65lBg,Lush,Topolino,5RRR4pGwrrHinA9B2VIRty,album,1996-10-18,201266,3.354433333333333,23,False,,1,1,1996,10539.0,48,285142,"shoegaze, dream pop, britpop, slowcore",4,Last 4 weeks,39,short_term
09jl7ubg7gVhogh3QY26iQ,"Man In A Shed - 1st Sound Techniques Session, March / 1968",Nick Drake,5c3GLXai8YOMid29ZEuR9y,Nick Drake,The Making Of Five Leaves Left,6LtprtjiFOCKr242tI4TgD,album,2025-07-25,185920,3.0986666666666665,37,False,,3,1,2025,32.0,64,928646,"folk, singer-songwriter",2,Last 4 weeks,40,short_term
0Mjhm250SR1toko8vfMVAA,Костёр,Mashina Vremeni,3OCZhm9zNElyNJNrwG9pC4,Mashina Vremeni,Лучшие песни 1979-1985,3vyfskI9bHtqwDaENfI22E,album,1993-05-27,214333,3.572216666666667,35,False,,9,1,1993,11779.0,46,191739,Unknown,0,Last 4 weeks,41,short_term
0Ziohm1Ku8E2yUDYoclfhO,Angeles,Elliott Smith,2ApaG60P4r0yhBoDCGD8YG,Elliott Smith,Either/Or,5hryhrT7wEdLnZCbJX9F6L,album,1997-02-25,177200,2.953333333333333,56,False,,9,1,1997,10409.0,68,1318332,singer-songwriter,1,Last 4 weeks,42,short_term
0epAG0WWRlDMsMFJiE5c6I,Sprawl II (Mountains Beyond Mountains),Arcade Fire,3kjuyTCjPG1WMFCiyc5IuB,Arcade Fire,The Suburbs (Deluxe),0gkUcpkyW2SXN49Yktkf6F,album,2010-07-01,325706,5.428433333333333,56,False,,15,1,2010,5535.0,67,2391632,"indie rock, baroque pop",2,Last 4 weeks,43,short_term
0kzNjXP0hX34NBSIFkbwST,Soft Shock,Yeah Yeah Yeahs,3TNt4aUIxgfy9aoaft5Jj2,Yeah Yeah Yeahs,It's Blitz!,0EZNeEs8bgLH2QoqouxCcm,album,2009-01-01,233106,3.8851,47,False,,3,1,2009,6081.0,70,1461193,indie rock,1,Last 4 weeks,44,short_term
0xS4rh83LPGLM7JVHaybex,Рижская (1988),"Yanka, Великие Октябри","1oSTzZ38B2gW2M8BEgzRUP, 4ttw8fnOmC5aTcZzFJs0lZ",Yanka,Деклассированным элементам (2018 Edition) [Remastered],4CZOuycGlZJ2Ke05Re3jI3,album,2018-12-30,132840,2.214,24,False,,9,1,2018,2431.0,29,34854,"noise rock, post-punk",2,Last 4 weeks,45,short_term
163S86lw0l11Lo5dkmiLlX,"Strange Face - Rough Mix With Guide Vocal, 11th September 1968",Nick Drake,5c3GLXai8YOMid29ZEuR9y,Nick Drake,The Making Of Five Leaves Left,6LtprtjiFOCKr242tI4TgD,album,2025-07-25,264733,4.412216666666667,35,False,,7,1,2025,32.0,64,928646,"folk, singer-songwriter",2,Last 4 weeks,46,short_term
1Bq65xKgu0kjSUMUlfWyPl,Transmission - 2020 Digital Remaster,Joy Division,432R46LaYsJZV2Gmc4jUV5,Joy Division,Transmission,51BKPr5L8cGZGk9bl9Jf5L,single,1979-10-07,218440,3.6406666666666667,58,False,,1,1,1979,16760.0,65,2743020,"post-punk, new wave, gothic rock, darkwave, madchester",6,Last 4 weeks,47,short_term
1CLiklr3syN8FCCProPe95,Clint,The Snake Corps,1LgZVnk9K1iR7K54mNKnus,The Snake Corps,More Than The Ocean,1emzBAPJ2NmHgo9FTO6a5M,album,1990-01-01,206973,3.44955,22,False,,5,1,1990,13021.0,34,11566,"post-punk, gothic rock, deathrock, darkwave, cold wave",7,Last 4 weeks,48,short_term
1Ccfb1xzwLDjQHLfAa2TxQ,Strange Powers,The Magnetic Fields,6RWjTQqILL7a1tQ0VapyLK,The Magnetic Fields,Holiday,2wBQbthVmSbVkEwP7jmv3o,album,1999-01-12,161613,2.69355,50,False,,4,1,1999,9723.0,55,262005,anti-folk,1,Last 4 weeks,49,short_term
1O80n2ImP4UxVEIAgK5xXa,Wow And Flutter,Stereolab,3Rj0tDHoX7C5NFq5DKIpHt,Stereolab,Mars Audiac Quintet,2ArWDqemFcbVrLxOTZheZr,album,1994-08-08,188933,3.1488833333333335,5,False,,2,1,1994,11341.0,55,388448,"art pop, krautrock, post-rock, neo-psychedelic",4,Last 4 weeks,50,short_term
5FQ9NDyx3KZXhovWWq4Gxo,Should've Been Me,Mitski,2uYWxilOVlUdk4oV9DvwqK,Mitski,Laurel Hell,4rcinMUHEWOxpIwJo2sf22,album,2022-02-04,191774,3.1962333333333333,61,False,,9,1,2022,1299.0,82,10793009,Unknown,0,Last 6 months,1,medium_term
4GpN14TnR5kMxwh25bAqXV,Что такое осень,ДДТ,0YCqg8X5gx0MremW64Ud1h,ДДТ,Актриса Весна,48zxuM36lQcoItT6XkOEs2,album,1992-11-01,297706,4.961766666666667,48,False,,7,1,1992,11986.0,48,437470,Unknown,0,Last 6 months,2,medium_term
43zr9kKkeiQrshvYuvNtfM,Someone To Call My Lover,Janet Jackson,4qwGe91Bz9K2T8jXTZ815W,Janet Jackson,All For You,0IfJey7ibEDtWNxAQw2ub9,album,2001-01-01,272360,4.539333333333333,72,False,,16,1,2001,9003.0,69,4076221,new jack swing,1,Last 6 months,3,medium_term
3H6xZgwRZx8McVUJzmMxWe,Headphones On,Addison Rae,4gvjmrtzydbMpyJaXUtwvP,Addison Rae,Addison,2ffVa2UhHUDwMHnr685zJ4,album,2025-06-06,240308,4.005133333333333,72,False,,12,1,2025,81.0,79,1195786,Unknown,0,Last 6 months,4,medium_term
4XUNnKwmsWqxLjns9I4Ho6,Просвистела,ДДТ,0YCqg8X5gx0MremW64Ud1h,ДДТ,Просвистела,7gWxLTTTHJIOCd4arzOdK7,album,1999-11-29,222000,3.7,47,False,,1,1,1999,9402.0,48,437470,Unknown,0,Last 6 months,5,medium_term
4izZoKL2bYp3Edh0u34uI1,Миллион алых роз,Alla Pugacheva,7lyhSLlB5fWJmU5eB6k84L,Alla Pugacheva,Миллион роз,3v6ivHYrtsaYhGWVkRp0p8,album,1983-01-01,353733,5.89555,49,False,,1,1,1983,15578.0,50,115559,Unknown,0,Last 6 months,6,medium_term
1q7Ie8Tgphv4iBwUlr5B9j,Любимка,NILETTO,7wHvox8DtmBBPpDFRVURv4,NILETTO,Любимка,6P7UigmkZOBVaB2Y1GrOJt,single,2019-05-03,219692,3.6615333333333333,52,False,,1,1,2019,2307.0,58,325179,Unknown,0,Last 6 months,7,medium_term
2E604JVtTcnXK19gDRBaOk,I Have A Woman Inside My Soul,Yoko Ono,2s4tjL6W3qrblOe0raIzwJ,Yoko Ono,Approximately Infinite Universe,565RYqjiJeHF8zqLHZAfan,album,2017-08-02,333520,5.558666666666666,3,False,,18,1,2017,2946.0,52,152813,christmas,1,Last 6 months,8,medium_term
3kDO0ttXrVCWbKCS3sQeC1,Aquamarine,Addison Rae,4gvjmrtzydbMpyJaXUtwvP,Addison Rae,Addison,2ffVa2UhHUDwMHnr685zJ4,album,2025-06-06,162814,2.7135666666666665,72,False,,4,1,2025,81.0,79,1195786,Unknown,0,Last 6 months,9,medium_term
3eYBRguiDE5BrGhCTRqZrH,Juicy Sandwich,The Veldt,7hcJOolMkn9jRAAhaVSFnu,The Veldt,Afrodisiac,5ByAKbC8SjGW2HF1q4V4ZD,album,1994-02-08,268560,4.476,15,False,,7,1,1994,11522.0,24,11464,"shoegaze, dream pop, slowcore",3,Last 6 months,10,medium_term
46UkjegvgJV87vsCyYWvQp,Beni Sen İnandır,Pinhani,4Bdqzh78prwuqwInMb555P,Pinhani,Kediköy,3JZ934LF60UGYSx5dwgJxR,album,2016-01-08,224716,3.7452666666666667,59,False,,5,1,2016,3518.0,62,2382070,turkish pop,1,Last 6 months,11,medium_term
7lpa4JaGvGlCgAT29WjdqL,Somebody's Daughter,Tasmin Archer,6EgtYGZoF5jLydCpz43xu1,Tasmin Archer,Great Expectations,4W5bJ5C6XGKEGWQNvhsSSY,album,1992-10-19,255786,4.2631,35,False,,8,1,1992,11999.0,52,33831,Unknown,0,Last 6 months,12,medium_term
7Epjhq046YB3Sjjtz9nx0J,Fountain Of Sorrow,Joan Baez,1EevBGfUh3RSQSGpluxgBm,Joan Baez,Diamonds & Rust,3O9LYeSXXEypjdptHMghUg,album,1975-04-01,270333,4.50555,41,False,,2,1,1975,18410.0,61,815464,"folk, folk rock, singer-songwriter",3,Last 6 months,13,medium_term
4leV8mj11mYE7isbe0D2HE,When You're Gone,The Cranberries,7t0rwkOPGlDPEhaOcVtOt9,The Cranberries,To The Faithful Departed,3QkSnuKOjKG8u5A2iRxckz,album,1996-01-01,294626,4.910433333333334,47,False,,3,1,1996,10830.0,79,5242407,Unknown,0,Last 6 months,14,medium_term
2K4eUmf1bzOdFrYZpEfW0T,Stuck Inside a Cloud,George Harrison,7FIoB5PHdrMZVC3q2HE5MS,George Harrison,Brainwashed,38xW9kksFyiS5sc0tU082f,album,2002-11-19,244826,4.080433333333334,37,False,,7,1,2002,8316.0,71,3024949,Unknown,0,Last 6 months,15,medium_term
1x3S3LYn5wqKHPzfUiqsj1,Go Deep,Janet Jackson,4qwGe91Bz9K2T8jXTZ815W,Janet Jackson,The Velvet Rope,1uFp52Q9EXLNA6DTRYnpTj,album,1997-10-07,282026,4.700433333333334,49,False,,8,1,1997,10185.0,69,4076221,new jack swing,1,Last 6 months,16,medium_term
2od6VwQ93pD6vfYss3oync,Genius,Ravyn Lenae,5RTLRtXjbXI2lSXc6jxlAz,Ravyn Lenae,Bird's Eye,1uE3dRPe3SrGdNhd1nWlSa,album,2024-08-09,155563,2.5927166666666666,67,False,,1,1,2024,382.0,81,754303,"alternative r&b, indie soul",2,Last 6 months,17,medium_term
3WSyYBhLZRLbQo2tJgFvSR,Sleeping Satellite,Tasmin Archer,6EgtYGZoF5jLydCpz43xu1,Tasmin Archer,Great Expectations,4W5bJ5C6XGKEGWQNvhsSSY,album,1992-10-19,281853,4.69755,67,False,,1,1,1992,11999.0,52,33831,Unknown,0,Last 6 months,18,medium_term
6qI0MU175Dk2DeoUjlrOpy,911,Lady Gaga,1HY2Jd0NmPuamShAr6KMms,Lady Gaga,Chromatica,05c49JgPmL4Uz2ZeqRx5SP,album,2020-05-29,172133,2.8688833333333332,64,False,,8,1,2020,1915.0,92,40669212,"art pop, pop",2,Last 6 months,19,medium_term
3UDqYP3Sa9phBFAATXOixA,In The Rain,Addison Rae,4gvjmrtzydbMpyJaXUtwvP,Addison Rae,Addison,2ffVa2UhHUDwMHnr685zJ4,album,2025-06-06,213960,3.566,67,False,,8,1,2025,81.0,79,1195786,Unknown,0,Last 6 months,20,medium_term
2LHNTC9QZxsL3nWpt8iaSR,Abracadabra,Lady Gaga,1HY2Jd0NmPuamShAr6KMms,Lady Gaga,MAYHEM,2MHUaRi9OCyTN02SoyRRBJ,album,2025-03-07,223398,3.7233,82,False,,2,1,2025,172.0,92,40669212,"art pop, pop",2,Last 6 months,21,medium_term
6PsqixVNSE6N4WamoMFISK,Alaska,Pinegrove,2gbT6GPXMis0OAkZbEQCYB,Pinegrove,11:11,6sOmBkyGWJpzR04C7U7BZE,album,2022-01-28,125830,2.097166666666667,48,False,,2,1,2022,1306.0,66,516575,midwest emo,1,Last 6 months,22,medium_term
5hR0wTnydz6lmErOV4c0sp,Losing You,Solange,2auiVi8sUZo17dLy1HwrTU,Solange,Losing You,6VCjvboIlNJ3N881Xja6ng,single,2012-10-02,260398,4.339966666666666,66,False,,1,1,2012,4711.0,63,2158394,"alternative r&b, neo soul",2,Last 6 months,23,medium_term
0h5jFEsJWx3OPXXgFWhGQY,В последнюю осень,ДДТ,0YCqg8X5gx0MremW64Ud1h,ДДТ,Актриса Весна,48zxuM36lQcoItT6XkOEs2,album,1992-11-01,285026,4.7504333333333335,45,False,,2,1,1992,11986.0,48,437470,Unknown,0,Last 6 months,24,medium_term
4hckTii6dURNqlfS9JNjjK,In the End,The Cranberries,7t0rwkOPGlDPEhaOcVtOt9,The Cranberries,In the End,4cfq0YAgWhhIqTkVkYyvbC,album,2019-04-26,176880,2.948,47,False,,11,1,2019,2314.0,79,5242407,Unknown,0,Last 6 months,25,medium_term
7hGCCQkdyF1MX6uk339uBS,What Was That,Lorde,163tK9Wjr9P9DmM0AVK7lm,Lorde,Virgin,28bHj2enHkHVFLwuWmkwlQ,album,2025-06-27,209286,3.4881,79,False,,2,1,2025,60.0,85,10458561,Unknown,0,Last 6 months,26,medium_term
28TL0QXUxuTGWOzFMBjE7P,"Musician, Please Take Heed",God Help The Girl,4zTWoo52TNONUpCUJPi99f,God Help The Girl,God Help The Girl,29XJz3T9fSbr902fGQ7JKu,album,2009-06-22,236320,3.9386666666666668,23,False,,8,1,2009,5909.0,30,40533,Unknown,0,Last 6 months,27,medium_term
6RMOZruWKO7gt7rd2K438m,Suspended In Gaffa - 2018 Remaster,Kate Bush,1aSxMhuvixZ8h9dK9jIDwL,Kate Bush,The Dreaming (2018 Remaster),2cRwYvvGigsHqk63ZGfuI2,album,1982-09-13,234546,3.9091,49,False,,4,1,1982,15688.0,73,2453605,"art pop, baroque pop, art rock",3,Last 6 months,28,medium_term
0S9AYGXX4c7Oieyqg0oPuq,Родина,ДДТ,0YCqg8X5gx0MremW64Ud1h,ДДТ,Актриса Весна,48zxuM36lQcoItT6XkOEs2,album,1992-11-01,277666,4.627766666666667,44,False,,4,1,1992,11986.0,48,437470,Unknown,0,Last 6 months,29,medium_term
3J58Ccc5iTbCRnYx2xjo6d,Animal Instinct,The Cranberries,7t0rwkOPGlDPEhaOcVtOt9,The Cranberries,Bury The Hatchet,2v9PjvIkQVnyQdtD1iQD7e,album,1999-04-19,211066,3.5177666666666667,65,False,,1,1,1999,9626.0,79,5242407,Unknown,0,Last 6 months,30,medium_term
7wcLPuCbIACdIjNhkg5GIo,Лето,AloeVera,50QfhXI1069kvJI5RPBLM3,AloeVera,Алимоно,02VJQ6NihfpMeD7sVJ8n2s,album,2018-10-31,244461,4.07435,29,False,,1,1,2018,2491.0,38,36771,Unknown,0,Last 6 months,31,medium_term
6ouhsRJ7gExB7LCYjITk4Y,Diet Pepsi,Addison Rae,4gvjmrtzydbMpyJaXUtwvP,Addison Rae,Addison,2ffVa2UhHUDwMHnr685zJ4,album,2025-06-06,169697,2.8282833333333333,82,False,,2,1,2025,81.0,79,1195786,Unknown,0,Last 6 months,32,medium_term
0XYhV5kipWlA7W9NXM48xy,"Peeling Off the Bark (Amperland, NY)",Pinegrove,2gbT6GPXMis0OAkZbEQCYB,Pinegrove,"Amperland, NY",1lgFeVkBqyVz4g1j18GRkY,album,2021-01-15,247360,4.1226666666666665,27,False,,9,1,2021,1684.0,66,516575,midwest emo,1,Last 6 months,33,medium_term
5P77V35o8bUtfLSfaufRFq,Дождь,ДДТ,0YCqg8X5gx0MremW64Ud1h,ДДТ,Актриса Весна,48zxuM36lQcoItT6XkOEs2,album,1992-11-01,304426,5.073766666666667,43,False,,1,1,1992,11986.0,48,437470,Unknown,0,Last 6 months,34,medium_term
7LuPjGUfJqxuW14W4gMrU2,kisses,Slowdive,72X6FHxaShda0XeQw3vbeF,Slowdive,everything is alive,2jSmcj39eQiU76EbMGuxS0,album,2023-09-01,237434,3.9572333333333334,56,False,,5,1,2023,725.0,67,1327322,"shoegaze, dream pop, slowcore",3,Last 6 months,35,medium_term
1toRu029yjgrleWg2w3gNU,Secrets from a Girl (Who's Seen it All),Lorde,163tK9Wjr9P9DmM0AVK7lm,Lorde,Solar Power,4SBl4zvNIL4H137YRf2P0J,album,2021-08-20,218659,3.6443166666666666,57,False,,6,1,2021,1467.0,85,10458561,Unknown,0,Last 6 months,36,medium_term
6ijEtlumdtZNBAmG07VzWF,Это любовь,Alla Pugacheva,7lyhSLlB5fWJmU5eB6k84L,Alla Pugacheva,"Живи cпокойно, cтрана!",5HPQwmvAoqz2npPAJPKphs,album,2003-01-01,240733,4.012216666666666,32,False,,9,1,2003,8273.0,50,115559,Unknown,0,Last 6 months,37,medium_term
7j3nbSiaWphYU2cFgyQXd9,Everything Is Embarrassing,Sky Ferreira,7pyhre5oEEFMqcgMEvJY7q,Sky Ferreira,"Night Time, My Time",0DucmDrdJM4evPXMbFJXBS,album,2013-01-01,250120,4.168666666666667,63,False,,13,1,2013,4620.0,58,635448,Unknown,0,Last 6 months,38,medium_term
5ocq0uaAYVBLbH755oQPN2,While My Guitar Gently Weeps - Live,George Harrison,7FIoB5PHdrMZVC3q2HE5MS,George Harrison,The Concert for Bangladesh,6chnsCpxLbisc2CYyGqFzK,album,2005,293765,4.896083333333333,49,False,,10,1,2005,,71,3024949,Unknown,0,Last 6 months,39,medium_term
2RFPhTEa4Z7WMV4608WBOJ,"Love, Try Not To Let Go",Julia Jacklin,12fRkVfO2fUsz1QHgDAG3g,Julia Jacklin,PRE PLEASURE,47R4scO7Jzc3PViyjEoMb5,album,2022-08-26,223720,3.728666666666667,47,False,,2,1,2022,1096.0,54,323049,Unknown,0,Last 6 months,40,medium_term
6Jv7kjGkhY2fT4yuBF3aTz,"Lover, You Should've Come Over",Jeff Buckley,3nnQpaTvKb5jCQabZefACI,Jeff Buckley,Grace,7yQtjAjhtNi76KRu05XWFS,album,1994,404213,6.736883333333333,83,False,,7,1,1994,,76,2139776,Unknown,0,Last 6 months,41,medium_term
6jS8fYvurIFMdSA4ebGs9i,Death Of Samantha,Yoko Ono,2s4tjL6W3qrblOe0raIzwJ,Yoko Ono,Approximately Infinite Universe,565RYqjiJeHF8zqLHZAfan,album,2017-08-02,382653,6.37755,0,False,,2,1,2017,2946.0,52,152813,christmas,1,Last 6 months,42,medium_term
7Jlf6YCwGzfHWJByUkb6ll,Have You Got It in You?,Imogen Heap,6Xb4ezwoAQC4516kI89nWz,Imogen Heap,Speak for Yourself (Deluxe Version),5DuihGAcuJdwyktx3EmncM,album,2005,248924,4.148733333333333,51,False,,3,1,2005,,78,1070340,Unknown,0,Last 6 months,43,medium_term
6SzinxBESFiRPbkRfnYuTo,Dreaming My Dreams - 2025 Remastered,The Cranberries,7t0rwkOPGlDPEhaOcVtOt9,The Cranberries,No Need To Argue (2025 Remastered),6E2UIe7qUVYi6v2fVbGddX,album,1994,216040,3.6006666666666667,37,False,,10,1,1994,,79,5242407,Unknown,0,Last 6 months,44,medium_term
2WM9eUjB4zZ4fH7SbZZi2P,Meantime,Cornelia Murr,1FdUgjmEeGCpmAxXatjiEG,Cornelia Murr,Run to the Center,2M2hv03RbHJPSRaumdKbDf,album,2025-02-28,277162,4.619366666666667,33,False,,4,1,2025,179.0,45,40475,Unknown,0,Last 6 months,45,medium_term
0Q9kIg9o8w1XKepXWmDUmT,New York,Addison Rae,4gvjmrtzydbMpyJaXUtwvP,Addison Rae,Addison,2ffVa2UhHUDwMHnr685zJ4,album,2025-06-06,152495,2.5415833333333335,70,False,,1,1,2025,81.0,79,1195786,Unknown,0,Last 6 months,46,medium_term
2xSXbZVJjM3PlpGlrPWL5M,Figures Can't Calculate (The Love I Have for You),William DeVaughn,1l51Sc9HBh8fLXUDEjFhxU,William DeVaughn,Be Thankful for What You Got,171sgXlr8rxJFQhsbJFrQP,album,1980-01-01,227493,3.79155,46,False,,4,1,1980,16674.0,50,41862,"classic soul, philly soul",2,Last 6 months,47,medium_term
0Rds81XabM2aXUcCCi6lDI,Fine Friend,Pale Saints,0WY2ddzQUF9eh16GiqrElA,Pale Saints,Slow Buildings,6N0PoxXWXxXMC6SSyZxfvG,album,1994-04-29,244773,4.07955,42,False,,8,1,1994,11442.0,47,132366,"shoegaze, dream pop, slowcore",3,Last 6 months,48,medium_term
2wce6Cozkc4tsioxafDNzq,Look Good With Trouble,Solange,2auiVi8sUZo17dLy1HwrTU,Solange,True,0OQTh16QP4lVHv57GSkaZK,single,2012-11-23,90826,1.5137666666666667,16,False,,6,1,2012,4659.0,63,2158394,"alternative r&b, neo soul",2,Last 6 months,49,medium_term
5ZQYl1nIY1s1FvfKNkPeJg,You Never Loved Me,Aimee Mann,3UpIbyXfGzmHG6TMH4dJEk,Aimee Mann,Mental Illness,0rwd3CfF5cJS46VB7kgBpG,album,2017-03-31,187034,3.1172333333333335,26,False,,3,1,2017,3070.0,51,262624,Unknown,0,Last 6 months,50,medium_term
2gnvh9HRH5fCo5iDQXMvQN,Can't Fight,Lianne La Havas,2RP4pPHTXlQpDnO9LvR7Yt,Lianne La Havas,Lianne La Havas,1CqNrKEv2fhF7mudTXrydV,album,2020-07-17,190560,3.176,54,False,,4,1,2020,1866.0,57,978657,"alternative r&b, soul, pop soul",3,All time,1,long_term
2FwDApgXk91kXvqy2oB7dz,Simulation Swarm,Big Thief,5QdyldG4Fl4TPiOIeMNpBZ,Big Thief,Dragon New Warm Mountain I Believe In You,7Ln81p86r5cCsesd3KBWIY,album,2022-02-11,252733,4.2122166666666665,70,False,,17,1,2022,1292.0,72,1261045,Unknown,0,All time,2,long_term
3r0Q8oUYyHjViM43bAUP3D,Feel No Pain,Sade,47zz7sob9NUcODy0BTDvKx,Sade,Love Deluxe,2PfGKHtqEX58bHtkQxJnWG,album,1992-10-26,309200,5.153333333333333,58,False,,2,1,1992,11992.0,80,4942834,Unknown,0,All time,3,long_term
4GpN14TnR5kMxwh25bAqXV,Что такое осень,ДДТ,0YCqg8X5gx0MremW64Ud1h,ДДТ,Актриса Весна,48zxuM36lQcoItT6XkOEs2,album,1992-11-01,297706,4.961766666666667,48,False,,7,1,1992,11986.0,48,437470,Unknown,0,All time,4,long_term
3opQwVHIpSMHubh9n9hn27,Sour Flower,Lianne La Havas,2RP4pPHTXlQpDnO9LvR7Yt,Lianne La Havas,Lianne La Havas,1CqNrKEv2fhF7mudTXrydV,album,2020-07-17,407813,6.796883333333334,36,False,,11,1,2020,1866.0,57,978657,"alternative r&b, soul, pop soul",3,All time,5,long_term
18yYhT8fTVjFK9IBPiows6,Read My Mind,Lianne La Havas,2RP4pPHTXlQpDnO9LvR7Yt,Lianne La Havas,Lianne La Havas,1CqNrKEv2fhF7mudTXrydV,album,2020-07-17,288453,4.80755,46,False,,2,1,2020,1866.0,57,978657,"alternative r&b, soul, pop soul",3,All time,6,long_term
51EMSRpNm9Rg5rGViVCczv,Andromeda,Weyes Blood,3Uqu1mEdkUJxPe7s31n1M9,Weyes Blood,Titanic Rising,0Cuqhgy8vm96JEkBY3polk,album,2019-04-05,280186,4.669766666666667,65,False,,2,1,2019,2335.0,60,551065,"art pop, baroque pop",2,All time,7,long_term
3PlW2cNr5pmZCXcf1Vm33h,Swimming,Kero Kero Bonito,6OqhFYFJDnBBHas02HopPT,Kero Kero Bonito,Time 'n' Place,1FcfrAYuA1X4gXEfLNW7AB,album,2018-10-01,199498,3.3249666666666666,39,False,,11,1,2018,2521.0,56,559736,Unknown,0,All time,8,long_term
6WUPSfoTnqDimPiVI89lQ7,Trailblaze ☆,Cowgirl Clue,45y43grjcZp3XvyXqfPQu4,Cowgirl Clue,Rodeo Star,55MAGWwfOt8b8Qfxd6pa8m,album,2023-08-03,192360,3.206,38,False,,7,1,2023,754.0,40,61231,hyperpop,1,All time,9,long_term
5FQ9NDyx3KZXhovWWq4Gxo,Should've Been Me,Mitski,2uYWxilOVlUdk4oV9DvwqK,Mitski,Laurel Hell,4rcinMUHEWOxpIwJo2sf22,album,2022-02-04,191774,3.1962333333333333,61,False,,9,1,2022,1299.0,82,10793009,Unknown,0,All time,10,long_term
5cQLw2MzVBzA90gH4v8TUI,Shadow,"Elephant Gym, 9m88","2rqNUPgkBgbhcRabUQ5C9g, 4PjY2961rc0MHE9zHYWEnH",Elephant Gym,Dreams,3TymUlSYZsMS09A5NnY7Hc,album,2022-05-11,225663,3.76105,21,False,,3,1,2022,1203.0,39,164422,"math rock, taiwanese indie, chinese indie, post-rock, midwest emo",5,All time,11,long_term
6Jv7kjGkhY2fT4yuBF3aTz,"Lover, You Should've Come Over",Jeff Buckley,3nnQpaTvKb5jCQabZefACI,Jeff Buckley,Grace,7yQtjAjhtNi76KRu05XWFS,album,1994,404213,6.736883333333333,83,False,,7,1,1994,,76,2139776,Unknown,0,All time,12,long_term
5JbZXoGXj1Ro7vXrvSnKc8,Succexy,Metric,1rCIEwPp5OnXW0ornlSsRl,Metric,"Old World Underground, Where Are You Now?",4LileDrFwEUFB5UPA3AEia,album,2003-09-01,185306,3.088433333333333,40,False,,3,1,2003,8030.0,65,908122,Unknown,0,All time,13,long_term
5Ph2R8vAV3ImknzT6Fd3sK,Emrooz O Farda,Marjan Farsad,5sGy7zfcUWYPh3wHbyz4fn,Marjan Farsad,White Tree,2pQxUX9di2QO1v7g539kO0,album,2020-06-24,207157,3.4526166666666667,28,False,,5,1,2020,1889.0,36,56620,Unknown,0,All time,14,long_term
3QfBWIMv062YpJnNM0oHDv,Incurable,Piano Magic,6sIZakv0uaA3qQmOOPTOQt,Piano Magic,"Heart Machinery (A Piano Magic Retrospective, 2001 - 2008)",6JXqKIXqOQXk2AwSVD4whQ,album,2013-06-23,298813,4.980216666666666,21,False,,20,1,2013,4447.0,31,17991,"post-rock, baroque pop, slowcore, dream pop",4,All time,15,long_term
2od6VwQ93pD6vfYss3oync,Genius,Ravyn Lenae,5RTLRtXjbXI2lSXc6jxlAz,Ravyn Lenae,Bird's Eye,1uE3dRPe3SrGdNhd1nWlSa,album,2024-08-09,155563,2.5927166666666666,67,False,,1,1,2024,382.0,81,754303,"alternative r&b, indie soul",2,All time,16,long_term
0pJW1Xw3aY4Eh6k5iuBkfI,I Know The End,Phoebe Bridgers,1r1uxoy19fzMxunt3ONAkG,Phoebe Bridgers,Punisher,6Pp6qGEywDdofgFC1oFbSH,album,2020-06-18,344692,5.744866666666667,75,False,,11,1,2020,1895.0,79,2934191,Unknown,0,All time,17,long_term
1tzTlRMcw9xDqrNRzj3H2g,Мальчик на девятке,DEAD BLONDE,4k0dbhJImJWSJf9PsH7H3z,DEAD BLONDE,ПРОПАГАНДА,5sdvzhYvXZFTyCG6TaRljJ,album,2020-04-30,215474,3.5912333333333333,50,False,,3,1,2020,1944.0,53,339490,Unknown,0,All time,18,long_term
2ksTwuZOMHJyoUOBDbJ8Ge,Strange Girl,Laura Marling,7B2edU3Q7btJoNsoHCNohM,Laura Marling,Song For Our Daughter,7nfwkopbo47FZIOGNcfPxI,album,2020-04-10,201893,3.3648833333333332,42,True,,3,1,2020,1964.0,55,532953,"singer-songwriter, southern gothic, folk, indie folk",4,All time,19,long_term
7g3P7uD8zcp7ASPD4irhf3,Not a Pretty Girl,Ani DiFranco,0AiTwNtYX8m4uhfU7rJ8RD,Ani DiFranco,Not A Pretty Girl,5zzcq9uCthg3vyGxMPYoxm,album,1995-07-18,237653,3.9608833333333333,37,False,,7,1,1995,10997.0,48,264818,"anti-folk, singer-songwriter",2,All time,20,long_term
37pKTyMwalomKCZjxTc2QZ,Cherry-coloured Funk,Cocteau Twins,5Wabl1lPdNOeIn0SQ5A1mp,Cocteau Twins,Heaven or Las Vegas,5lEphbceIgaK1XxWeSrC9E,album,1990-09-17,192466,3.2077666666666667,68,False,,1,1,1990,12762.0,68,1333092,"shoegaze, dream pop, gothic rock",3,All time,21,long_term
7xSUGewoItgxStLNXnoWkl,Kamera,Wilco,2QoU3awHVdcHS8LrZEKvSM,Wilco,Yankee Hotel Foxtrot,0rPtXOMN42nsLDiShvGamv,album,2003-10-07,210093,3.50155,40,False,,2,1,2003,7994.0,63,815070,"alt country, americana, indie rock",3,All time,22,long_term
43zr9kKkeiQrshvYuvNtfM,Someone To Call My Lover,Janet Jackson,4qwGe91Bz9K2T8jXTZ815W,Janet Jackson,All For You,0IfJey7ibEDtWNxAQw2ub9,album,2001-01-01,272360,4.539333333333333,72,False,,16,1,2001,9003.0,69,4076221,new jack swing,1,All time,23,long_term
6BAq5J5nykideAG3u2pWd7,She's So Lovely,Beach House,56ZTgzPBDge0OvCGgMO3OY,Beach House,Thank Your Lucky Stars,4WbFCzKALujxRNeoeLS5zO,album,2015-10-16,262122,4.3687,43,False,,2,1,2015,3602.0,75,2727759,dream pop,1,All time,24,long_term
0QW0KPBXXv67haGjbtkRRB,Image,Magdalena Bay,1oPRcJUkloHaRLYx0olBLJ,Magdalena Bay,Imaginal Disk,4HTy9WFTYooRjE9giTmzAF,album,2024-08-23,212866,3.5477666666666665,68,False,,4,1,2024,368.0,71,501182,Unknown,0,All time,25,long_term
5uLOTjZgJFG2BtyjtVkBK0,Special,Mew,6kDMoHTcBICPILP2aclPWZ,Mew,Mew And The Glass Handed Kites,1APfuoXoBLFK6PRolJdrEk,album,2005,193080,3.218,38,False,,6,1,2005,,44,147698,dream pop,1,All time,26,long_term
298kgP95oJvq6FNDLqu6Lf,I Have the Moon,Lush,3ysp8GwsheDcBxP9q65lBg,Lush,Topolino,5RRR4pGwrrHinA9B2VIRty,album,1996-10-18,238360,3.9726666666666666,47,False,,2,1,1996,10539.0,48,285142,"shoegaze, dream pop, britpop, slowcore",4,All time,27,long_term
3pwj90XGAD6I0jO3q6fkCx,Baby Britain,Elliott Smith,2ApaG60P4r0yhBoDCGD8YG,Elliott Smith,XO,1zOxlHQGGV6EH7n4OIFTyh,album,1998-08-25,193760,3.2293333333333334,46,False,,4,1,1998,9863.0,68,1318332,singer-songwriter,1,All time,28,long_term
28Ymf40EoJ6776juQZNPoY,All They Wanted,Panchiko,4KEHIUSoWCcqrk8AddTE1O,Panchiko,Ferric Oxide (Demos 1997 - 2001),2XEgoiYtf35w31ZZm3isN0,album,2020-07-25,127875,2.13125,66,False,,2,1,2020,1858.0,65,519777,shoegaze,1,All time,29,long_term
0e5wVLmJukAySB1QxwqDtM,What About,Janet Jackson,4qwGe91Bz9K2T8jXTZ815W,Janet Jackson,The Velvet Rope,1uFp52Q9EXLNA6DTRYnpTj,album,1997-10-07,264266,4.404433333333333,36,True,,15,1,1997,10185.0,69,4076221,new jack swing,1,All time,30,long_term
3pM7gfel0ho7yVJw4KK5Eq,Independence Day,Elliott Smith,2ApaG60P4r0yhBoDCGD8YG,Elliott Smith,XO,1zOxlHQGGV6EH7n4OIFTyh,album,1998-08-25,184906,3.0817666666666668,48,False,,6,1,1998,9863.0,68,1318332,singer-songwriter,1,All time,31,long_term
7LItXkhy2jee3EU8Nx7XPU,Like the Sun,Tanukichan,7d0wUlQ0ZXIGFa0YzuBiR6,Tanukichan,Sundays,47bvdpM4S6uhF9T5wwEBtP,album,2018-07-13,169133,2.8188833333333334,46,False,,3,1,2018,2601.0,45,88785,"shoegaze, dream pop",2,All time,32,long_term
2P8AKXyCCUKu8iRwA9Roc5,III. Universe,The Microphones,7Ht57YadlBXcFJDK3plmhO,The Microphones,Mount Eerie,5qvuDzzdqHFID4IlUMGZcb,album,2003-01-21,401453,6.690883333333334,29,False,,3,1,2003,8253.0,48,232335,"slowcore, lo-fi indie, anti-folk, indie folk",4,All time,33,long_term
5GLDy4vcd6gDvhxidvovFX,The Crystal Lake,Grandaddy,3W4xM5XYtUp4ifYYPVKVdk,Grandaddy,The Sophtware Slump,4iUBdDlipS1BISMY5Bk2gQ,album,2000-06-06,300133,5.0022166666666665,0,False,,4,1,2000,9212.0,48,177189,Unknown,0,All time,34,long_term
24bzJwjGBWtGCs7xKIKQsB,Wildflower,Beach House,56ZTgzPBDge0OvCGgMO3OY,Beach House,Depression Cherry,194CqC2Zi0kUFEPWedb3qr,album,2015-08-28,219453,3.65755,66,False,,7,1,2015,3651.0,75,2727759,dream pop,1,All time,35,long_term
7FdDBpqrdpWtdAromLpv4V,Eusexua,FKA twigs,6nB0iY1cjSY1KyhYyuIIKH,FKA twigs,Eusexua,79TS6ylaLCH8VRFSLhvLvj,single,2024-09-13,263693,4.3948833333333335,47,False,,1,1,2024,347.0,67,1424412,"art pop, alternative r&b",2,All time,36,long_term
4XUNnKwmsWqxLjns9I4Ho6,Просвистела,ДДТ,0YCqg8X5gx0MremW64Ud1h,ДДТ,Просвистела,7gWxLTTTHJIOCd4arzOdK7,album,1999-11-29,222000,3.7,47,False,,1,1,1999,9402.0,48,437470,Unknown,0,All time,37,long_term
5ngTZfaLbdMgN8WoCOh0d4,Suffocation,Crystal Castles,7K3zpFXBvPcvzhj7zlGJdO,Crystal Castles,Crystal Castles (II),3VsZ5nZGgyH30IDaCP4GeQ,album,2010-01-01,240626,4.010433333333333,55,False,,7,1,2010,5716.0,72,3203860,"witch house, electroclash, new rave, alternative dance",4,All time,38,long_term
2RFPhTEa4Z7WMV4608WBOJ,"Love, Try Not To Let Go",Julia Jacklin,12fRkVfO2fUsz1QHgDAG3g,Julia Jacklin,PRE PLEASURE,47R4scO7Jzc3PViyjEoMb5,album,2022-08-26,223720,3.728666666666667,47,False,,2,1,2022,1096.0,54,323049,Unknown,0,All time,39,long_term
3jnFMHbSWFGOH3Pi6S2nLG,Lovers In The Parking Lot,Solange,2auiVi8sUZo17dLy1HwrTU,Solange,True,1Blp4UY5uXYNW9JvCg5dZP,single,2012-11-27,262280,4.371333333333333,45,False,,4,1,2012,4655.0,63,2158394,"alternative r&b, neo soul",2,All time,40,long_term
6shRGWCtBUOPFLFTTqXZIC,Upside Down,Jack Johnson,3GBPw9NK25X1Wt2OUvOwY3,Jack Johnson,Jack Johnson And Friends: Sing-A-Longs And Lullabies For The Film Curious George,3Jl7i9Vo0Ht4co9SqTFjQy,album,2006,208653,3.47755,66,False,,1,1,2006,,78,4025625,surf rock,1,All time,41,long_term
4izZoKL2bYp3Edh0u34uI1,Миллион алых роз,Alla Pugacheva,7lyhSLlB5fWJmU5eB6k84L,Alla Pugacheva,Миллион роз,3v6ivHYrtsaYhGWVkRp0p8,album,1983-01-01,353733,5.89555,49,False,,1,1,1983,15578.0,50,115559,Unknown,0,All time,42,long_term
4vjvx7Zxkb4AltGcZ0BBvI,Kyoto,Phoebe Bridgers,1r1uxoy19fzMxunt3ONAkG,Phoebe Bridgers,Punisher,6Pp6qGEywDdofgFC1oFbSH,album,2020-06-18,184524,3.0754,65,False,,3,1,2020,1895.0,79,2934191,Unknown,0,All time,43,long_term
4xsC885WqBl1gS7SbUlZTn,Gypsy,Kitchen Dwellers,5JiwO4LnQq3F6MGCRh3D31,Kitchen Dwellers,Ghost in the Bottle,343eSBJpQ8PcpQUyMIHAon,album,2017-04-21,356866,5.947766666666666,40,False,,5,1,2017,3049.0,40,42236,"newgrass, bluegrass, jam band",3,All time,44,long_term
12EEGhssMnIujlweIOZvrn,Good to Go,Elliott Smith,2ApaG60P4r0yhBoDCGD8YG,Elliott Smith,Elliott Smith,1nGWgkinMkmX7BlAuC4umM,album,1995-07-01,144586,2.4097666666666666,37,False,,10,1,1995,11014.0,68,1318332,singer-songwriter,1,All time,45,long_term
39Xue5JNMm2yLvIma6Ut8u,Lydia Wears A Cross,Julia Jacklin,12fRkVfO2fUsz1QHgDAG3g,Julia Jacklin,PRE PLEASURE,47R4scO7Jzc3PViyjEoMb5,album,2022-08-26,241818,4.0303,42,False,,1,1,2022,1096.0,54,323049,Unknown,0,All time,46,long_term
3zEykA3yKGcWaExQsfFdZp,Talk Of The Town,"Jack Johnson, Kawika Kahiapo","3GBPw9NK25X1Wt2OUvOwY3, 6aPkORVtaipgr2ryrcNQRp",Jack Johnson,Jack Johnson And Friends: Sing-A-Longs And Lullabies For The Film Curious George,3Jl7i9Vo0Ht4co9SqTFjQy,album,2006,202360,3.3726666666666665,45,False,,5,1,2006,,78,4025625,surf rock,1,All time,47,long_term
3V66T9O5aOycr8raWMpyLP,I Know I'm Funny haha,Faye Webster,5szilpXHcwOqnyKLqGco5j,Faye Webster,I Know I'm Funny haha,424bxvpYyNDM2DFFibeKs0,album,2021-06-25,163880,2.731333333333333,55,True,,3,1,2021,1523.0,75,2061107,Unknown,0,All time,48,long_term
60c53oKZjSyWUNCrQJ49Bt,Radiolove,Tanukichan,7d0wUlQ0ZXIGFa0YzuBiR6,Tanukichan,Radiolove,6KYjmUSOPgUrvzZt5m66Jk,single,2016-08-19,170955,2.84925,40,False,,4,1,2016,3294.0,45,88785,"shoegaze, dream pop",2,All time,49,long_term
21Xc8hEIzv81jwiftI4hJB,The First Taste,Fiona Apple,3g2kUQ6tHLLbmkV7T4GPtL,Fiona Apple,Tidal,5gVBXH8MT6zfdRkjp7qT18,album,1996-07-23,286960,4.782666666666667,58,False,,6,1,1996,10626.0,66,1766216,art pop,1,All time,50,long_term
